GENE_SYMBOL	COSMIC_GENE_ID	TRANSCRIPT_ACCESSION	COSMIC_SAMPLE_ID	SAMPLE_NAME	COSMIC_PHENOTYPE_ID	GENOMIC_MUTATION_ID	LEGACY_MUTATION_ID	MUTATION_ID	MUTATION_CDS	MUTATION_AA	MUTATION_DESCRIPTION	MUTATION_ZYGOSITY	LOH	CHROMOSOME	GENOME_START	GENOME_STOP	STRAND	PUBMED_PMID	COSMIC_STUDY_ID	HGVSP	HGVSC	HGVSG	GENOMIC_WT_ALLELE	GENOMIC_MUT_ALLELE	MUTATION_SOMATIC_STATUS	CATALOGUE_NUMBER	INSTITUTE	INSTITUTE_ADDRESS
SLC22A10	COSG33724	ENST00000535888.1	COSS906841	DJM-1	COSO326610132	COSV60598884	COSN13337794	86541854	c.-488-834G>A	p.?	intron_variant	hom		11	62933503	62933503	+		COSU619		ENST00000535888.1:c.-488-834G>A	11:g.62933503G>A	G	A	Variant of unknown origin	RCB0736	Cell Bank, RIKEN BioResource Center	3-1-1 Koyadai, Tsukuba, Ibaraki, 305-0074, Japan
RERE	COSG37294	ENST00000337907.3	COSS907048	HCC70	COSO28395278	COSV61954035	COSN13563084	29516117	c.1284+116C>T	p.?	intron_variant	het		1	8482671	8482671	-		COSU619		ENST00000337907.3:c.1284+116C>T	1:g.8482671G>A	G	A	Variant of unknown origin	CRL-2315	American Type Culture Collection (ATCC)	P.O. Box 1549, Manassas, VA 20108, USA
ACACB	COSG33901	ENST00000377848.3	COSS908471	NCI-H1581	COSO29915668	COSV58150783	COSN13366277	44524486	c.1819-125T>C	p.?	intron_variant	het		12	109623259	109623259	+		COSU619		ENST00000377848.3:c.1819-125T>C	12:g.109623259T>C	T	C	Variant of unknown origin	CRL-5878	American Type Culture Collection (ATCC)	P.O. Box 1549, Manassas, VA 20108, USA
PCDHGA7	COSG41272	ENST00000518325.1	COSS910933	AM-38	COSO28245232	COSV53920757	COSN8355445	79737036	c.2424+14530C>T	p.?	intron_variant	het		5	140779420	140779420	+		COSU619		ENST00000518325.1:c.2424+14530C>T	5:g.140779420C>T	C	T	Variant of unknown origin	IFO50492	JCRB Cell Bank, National Institutes of Biomedical Innovation, Health and Nutrition	7-6-8 Saito-Asagi, Ibaraki, Osaka 567-0085, Japan
MEFV	COSG51107	ENST00000339854.4	COSS1240174	MFE-319	COSO29024862	COSV54827826	COSN13669556	33009981	c.721-12C>G	p.?	intron_variant	het		16	3299016	3299016	-		COSU619		ENST00000339854.4:c.721-12C>G	16:g.3299016G>C	G	C	Variant of unknown origin		The University of Hong Kong	Queen Mary Hospital, Hong Kong
NOS3	COSG48879	ENST00000467517.1	COSS1240138	H2869	COSO30105680	COSV52486665	COSM3261147	66017393	c.1645C>T	p.R549W	missense_variant,splice_region_variant	het		7	150699051	150699051	+		COSU619	ENSP00000420551.1:p.Arg549Trp	ENST00000467517.1:c.1645C>T	7:g.150699051C>T	C	T	Variant of unknown origin		The University of Hong Kong	Queen Mary Hospital, Hong Kong
NOS3	COSG48879	ENST00000467517.1	COSS1299050	SAT	COSO29324862	COSV52486665	COSM3261147	66017393	c.1645C>T	p.R549W	missense_variant,splice_region_variant	het		7	150699051	150699051	+		COSU619	ENSP00000420551.1:p.Arg549Trp	ENST00000467517.1:c.1645C>T	7:g.150699051C>T	C	T	Variant of unknown origin		UNKNOWN	UNKNOWN
MYO9B	COSG28917	ENST00000397274.2	COSS908132	MHH-CALL-2	COSO27984920	COSV68284062	COSN13787182	47850437	c.5064+31A>G	p.?	intron_variant	hom		19	17316176	17316176	+		COSU619		ENST00000397274.2:c.5064+31A>G	19:g.17316176A>G	A	G	Variant of unknown origin	ACC341	German Collection of Microorganisms and Cell Cultures,	 Braunschweig, Germany
CTNNA2	COSG6394	ENST00000540488.1	COSS1240191	NCI-H647	COSO29915674	COSV58134414	COSN14009073	86728015	c.1384-61C>T	p.?	intron_variant	het		2	80772971	80772971	+		COSU619		ENST00000540488.1:c.1384-61C>T	2:g.80772971C>T	C	T	Variant of unknown origin		The University of Hong Kong	Queen Mary Hospital, Hong Kong
SFI1	COSG20855	ENST00000432498.1	COSS907272	KARPAS-45	COSO27984916	COSV66291320	COSN13911056	55814564	c.663-1338T>C	p.?	intron_variant	het		22	31955938	31955938	+		COSU619		ENST00000432498.1:c.663-1338T>C	22:g.31955938T>C	T	C	Variant of unknown origin	ACC105	German Collection of Microorganisms and Cell Cultures,	 Braunschweig, Germany
TTI1	COSG7930	ENST00000373448.2	COSS925341	NCI-H810	COSO29915668	COSV65064456	COSM2760868	39271835	c.1267G>T	p.A423S	missense_variant	het		20	36640952	36640952	-		COSU619	ENSP00000362547.2:p.Ala423Ser	ENST00000373448.2:c.1267G>T	20:g.36640952C>A	C	A	Variant of unknown origin	CRL-5816	American Type Culture Collection (ATCC)	P.O. Box 1549, Manassas, VA 20108, USA
RAPGEF4	COSG48600	ENST00000397081.3	COSS906877	GR-ST	COSO27984916	COSV51382057	COSM4306041	47003780	c.451C>A	p.R151=	synonymous_variant	het		2	173782536	173782536	+		COSU619	ENSP00000380271.3:p.Arg151=	ENST00000397081.3:c.451C>A	2:g.173782536C>A	C	A	Variant of unknown origin	RCB1182	Cell Bank, RIKEN BioResource Center	3-1-1 Koyadai, Tsukuba, Ibaraki, 305-0074, Japan
CSMD1	COSG857	ENST00000602557.1	COSS909785	WSU-NHL	COSO27605697	COSV59403442	COSM2958534	101098096	c.4204A>G	p.T1402A	missense_variant	het		8	3087706	3087706	-		COSU619	ENSP00000473359.1:p.Thr1402Ala	ENST00000602557.1:c.4204A>G	8:g.3087706T>C	T	C	Variant of unknown origin	ACC58	German Collection of Microorganisms and Cell Cultures,	 Braunschweig, Germany
OSBPL3	COSG50800	ENST00000396431.1	COSS1327771	JURL-MK1	COSO27985052	COSV57661159	COSN14281505	44814168	c.2080-46T>C	p.?	intron_variant	het		7	24849616	24849616	-		COSU619		ENST00000396431.1:c.2080-46T>C	7:g.24849616A>G	A	G	Variant of unknown origin	ACC 532	German Collection of Microorganisms and Cell Cultures,	 Braunschweig, Germany
FAM111B	COSG46031	ENST00000411426.1	COSS687821	NCI-H2405	COSO29915674	COSV59111602	COSM2035071	49365603	c.278_279insCT	p.Q94Ffs*15	frameshift_variant	het		11	58891938	58891939	+		COSU619	ENSP00000393855.1:p.Gln94PhefsTer15	ENST00000411426.1:c.278_279insCT	11:g.58891938_58891939insCT		CT	Variant of unknown origin	CRL-5944	American Type Culture Collection (ATCC)	P.O. Box 1549, Manassas, VA 20108, USA
FAM111B	COSG46031	ENST00000411426.1	COSS908443	NCI-H520	COSO29914830	COSV59111602	COSM2035071	49365603	c.278_279insCT	p.Q94Ffs*15	frameshift_variant	het		11	58891938	58891939	+		COSU619	ENSP00000393855.1:p.Gln94PhefsTer15	ENST00000411426.1:c.278_279insCT	11:g.58891938_58891939insCT		CT	Variant of unknown origin	HTB-182	American Type Culture Collection (ATCC)	P.O. Box 1549, Manassas, VA 20108, USA
KIR3DL1	COSG19011	ENST00000538269.1	COSS907055	HGC-27	COSO36004826	COSV60902093	COSN30174980	86520371	c.34+28137C>G	p.?	intron_variant	het		19	55264172	55264172	+		COSU619		ENST00000538269.1:c.34+28137C>G	19:g.55264172C>G	C	G	Variant of unknown origin	RCB0500	Cell Bank, RIKEN BioResource Center	3-1-1 Koyadai, Tsukuba, Ibaraki, 305-0074, Japan
IMMP2L	COSG3910	ENST00000331762.3	COSS946373	D-502MG	COSO28245229	COSV57825142	COSM3255827	27686968	c.240-160663C>G	p.?	intron_variant	het		7	110764284	110764284	-		COSU619		ENST00000331762.3:c.240-160663C>G	7:g.110764284G>C	G	C	Variant of unknown origin		Duke University Medical Center	Box 3156,177 MSRB,Duke University Medical Center, Durham, North Carolina 27710
PAAF1	COSG27685	ENST00000310571.3	COSS1659928	SNU-175	COSO28864826	COSV60156140	COSM2017122	27889497	c.48-4G>A	p.?	intron_variant,splice_region_variant	het		11	73589820	73589820	+		COSU619		ENST00000310571.3:c.48-4G>A	11:g.73589820G>A	G	A	Variant of unknown origin		Korean Cell Line Bank	Laboratory of Cell Biology, Cancer Research Center and Cancer Research Institute, Seoul National University College of Medicine, Seoul
CHD9	COSG21987	ENST00000566029.1	COSS907794	LS-411N	COSO28454826	COSV54609793	COSM2834945	95709918	c.7858del	p.S2620Vfs*24	frameshift_variant	het		16	53358019	53358019	+		COSU619	ENSP00000457466.1:p.Ser2620ValfsTer24	ENST00000566029.1:c.7858del	16:g.53358019del	A		Variant of unknown origin	CRL-2159	American Type Culture Collection (ATCC)	P.O. Box 1549, Manassas, VA 20108, USA
TDRD6	COSG35619	ENST00000316081.6	COSS1298365	OVTOKO	COSO30134862	COSV60173986	COSM3353160	29274404	c.6254C>T	p.P2085L	missense_variant	het		6	46665817	46665817	+		COSU619	ENSP00000346065.5:p.Pro2085Leu	ENST00000316081.6:c.6254C>T	6:g.46665817C>T	C	T	Variant of unknown origin		UNKNOWN	UNKNOWN
DNAH9	COSG48769	ENST00000262442.4	COSS907169	IGR-1	COSO32666078	COSV52374309	COSN13700292	23048920	c.6738+28C>T	p.?	intron_variant	het		17	11656305	11656305	+		COSU619		ENST00000262442.4:c.6738+28C>T	17:g.11656305C>T	C	T	Variant of unknown origin	ACC236	German Collection of Microorganisms and Cell Cultures,	 Braunschweig, Germany
DGAT2	COSG47216	ENST00000228027.7	COSS907320	KYSE-450	COSO31494830	COSV57176209	COSM2018165	20237268	c.147C>T	p.A49=	synonymous_variant	het		11	75495688	75495688	+		COSU619	ENSP00000228027.6:p.Ala49=	ENST00000228027.7:c.147C>T	11:g.75495688C>T	C	T	Variant of unknown origin	ACC387	German Collection of Microorganisms and Cell Cultures,	 Braunschweig, Germany
INPP4B	COSG15636	ENST00000513000.1	COSS753605	NCI-H510A	COSO29915333	COSV53738025	COSN14094619	76613122	c.424-159G>T	p.?	intron_variant	het		4	143226849	143226849	-		COSU619		ENST00000513000.1:c.424-159G>T	4:g.143226849C>A	C	A	Variant of unknown origin	HTB-184	American Type Culture Collection (ATCC)	P.O. Box 1549, Manassas, VA 20108, USA
CYFIP2	COSG42127	ENST00000435847.2	COSS909743	SUP-T1	COSO27984908	COSV59056252	COSM3246648	56216842	c.2809G>A	p.V937M	missense_variant	het		5	156819958	156819958	+		COSU619	ENSP00000403793.2:p.Val937Met	ENST00000435847.2:c.2809G>A	5:g.156819958G>A	G	A	Variant of unknown origin	CRL-1942	American Type Culture Collection (ATCC)	P.O. Box 1549, Manassas, VA 20108, USA
ERICH3	COSG7128	ENST00000326665.5	COSS905937	HCT-15	COSO28584862	COSV58613376	COSM2241587	26372516	c.2855A>C	p.D952A	missense_variant	het		1	75038539	75038539	-		COSU619	ENSP00000322609.5:p.Asp952Ala	ENST00000326665.5:c.2855A>C	1:g.75038539T>G	T	G	Variant of unknown origin		Developmental Therapeutics Program	National Cancer Institute,Frederick,MD 21701
YY1AP1	COSG33287	ENST00000355499.4	COSS753615	U-266	COSO27985184	COSV55119168	COSN13475452	31479155	c.325-25T>A	p.?	intron_variant	het		1	155644912	155644912	-		COSU619		ENST00000355499.4:c.325-25T>A	1:g.155644912A>T	A	T	Variant of unknown origin	ACC9	German Collection of Microorganisms and Cell Cultures,	 Braunschweig, Germany
YY1AP1	COSG33287	ENST00000355499.4	COSS908126	MEG-01	COSO27985064	COSV55119168	COSN13475452	31479155	c.325-25T>A	p.?	intron_variant	het		1	155644912	155644912	-		COSU619		ENST00000355499.4:c.325-25T>A	1:g.155644912A>T	A	T	Variant of unknown origin	94012401	European Collection of Cell Cultures	Health Protection Agency,Porton Down,Salisbury,Wiltshire,SP40JG, UK
CCL25	COSG2627	ENST00000253451.4	COSS908472	NCI-H1573	COSO29914826	COSV53665338	COSM2729870	23177511	c.191+7G>T	p.?	intron_variant,splice_region_variant	het		19	8121160	8121160	+		COSU619		ENST00000253451.4:c.191+7G>T	19:g.8121160G>T	G	T	Variant of unknown origin	CRL-5877	American Type Culture Collection (ATCC)	P.O. Box 1549, Manassas, VA 20108, USA
ATP8A1	COSG57687	ENST00000381668.5	COSS753554	EBC-1	COSO29914830	COSV52537543	COSN14112955	44195286	c.50-135T>G	p.?	intron_variant	hom		4	42629261	42629261	-		COSU619		ENST00000381668.5:c.50-135T>G	4:g.42629261A>C	A	C	Variant of unknown origin	JCRB0820	JCRB Cell Bank, National Institutes of Biomedical Innovation, Health and Nutrition	7-6-8 Saito-Asagi, Ibaraki, Osaka 567-0085, Japan
VIPAS39	COSG37885	ENST00000327028.4	COSS905942	NCI-H23	COSO29915674	COSV53632992	COSM1196266	26746568	c.194G>C	p.G65A	missense_variant,splice_region_variant	het		14	77919644	77919644	-		COSU619	ENSP00000313098.4:p.Gly65Ala	ENST00000327028.4:c.194G>C	14:g.77919644C>G	C	G	Variant of unknown origin		Developmental Therapeutics Program	National Cancer Institute,Frederick,MD 21701
OAZ3	COSG3694	ENST00000453029.2	COSS753570	KOSC-2	COSO29324830	COSV58618148	COSM2183848	61755434	c.208-10C>T	p.?	intron_variant	het		1	151740524	151740524	+		COSU619		ENST00000453029.2:c.208-10C>T	1:g.151740524C>T	C	T	Variant of unknown origin	JCRB0126.1	JCRB Cell Bank, National Institutes of Biomedical Innovation, Health and Nutrition	7-6-8 Saito-Asagi, Ibaraki, Osaka 567-0085, Japan
PLCE1	COSG21472	ENST00000371380.3	COSS905955	SK-MEL-2	COSO33456078	COSV53360450	COSN13292102	38186064	c.3096+34G>A	p.?	intron_variant	het		10	96006412	96006412	+		COSU619		ENST00000371380.3:c.3096+34G>A	10:g.96006412G>A	G	A	Variant of unknown origin		Developmental Therapeutics Program	National Cancer Institute,Frederick,MD 21701
USP4	COSG35736	ENST00000265560.4	COSS949178	NB14	COSO27774843	COSV55542245	COSM2849811	25447706	c.2733+8G>A	p.?	intron_variant,splice_region_variant	hom		3	49316239	49316239	-		COSU619		ENST00000265560.4:c.2733+8G>A	3:g.49316239C>T	C	T	Variant of unknown origin		St Jude Children's Research Hospital	332 North Lauderdale St., Memphis, TN 38105-2794, Tel: 901 495 3300
DDX19B	COSG25217	ENST00000451014.3	COSS924189	KP-N-RT-BM-1	COSO27774843	COSV55362834	COSN5836740	60742031	c.*60G>A	p.?	3_prime_UTR_variant	het		16	70367545	70367545	+		COSU619		ENST00000451014.3:c.*60G>A	16:g.70367545G>A	G	A	Variant of unknown origin	IFO50432	JCRB Cell Bank, National Institutes of Biomedical Innovation, Health and Nutrition	7-6-8 Saito-Asagi, Ibaraki, Osaka 567-0085, Japan
GALNT7	COSG40263	ENST00000265000.4	COSS1660036	SNU-81	COSO28864826	COSV53934291	COSM3336716	23928573	c.547A>C	p.I183L	missense_variant	het		4	174169551	174169551	+		COSU619	ENSP00000265000.4:p.Ile183Leu	ENST00000265000.4:c.547A>C	4:g.174169551A>C	A	C	Variant of unknown origin		Korean Cell Line Bank	Laboratory of Cell Biology, Cancer Research Center and Cancer Research Institute, Seoul National University College of Medicine, Seoul
FAM149A	COSG28502	ENST00000514153.1	COSS907060	HOS	COSO28065214	COSV57031202	COSN14105493	76352937	c.87-76C>T	p.?	intron_variant	het		4	187074723	187074723	+		COSU619		ENST00000514153.1:c.87-76C>T	4:g.187074723C>T	C	T	Variant of unknown origin	CRL-1543	American Type Culture Collection (ATCC)	P.O. Box 1549, Manassas, VA 20108, USA
DMKN	COSG24430	ENST00000602781.1	COSS1240174	MFE-319	COSO29024862	COSV60089719	COSN13799215	101639521	c.177+1202T>C	p.?	intron_variant	het		19	35999611	35999611	-		COSU619		ENST00000602781.1:c.177+1202T>C	19:g.35999611A>G	A	G	Variant of unknown origin		The University of Hong Kong	Queen Mary Hospital, Hong Kong
ZNF581	COSG1088	ENST00000588537.1	COSS907320	KYSE-450	COSO31494830	COSV54403069	COSN13836870	98101645	c.*51A>T	p.?	3_prime_UTR_variant	het		19	56156582	56156582	+		COSU619		ENST00000588537.1:c.*51A>T	19:g.56156582A>T	A	T	Variant of unknown origin	ACC387	German Collection of Microorganisms and Cell Cultures,	 Braunschweig, Germany
TMPRSS3	COSG39835	ENST00000433957.2	COSS1503371	TE-4	COSO31394862	COSV52302499	COSN13885372	55071036	c.*69C>T	p.?	3_prime_UTR_variant	het		21	43792802	43792802	-		COSU619		ENST00000433957.2:c.*69C>T	21:g.43792802G>A	G	A	Variant of unknown origin			
MALT1	COSG37362	ENST00000348428.3	COSS1240143	HCC-15	COSO29914830	COSV61934261	COSN13771339	30401412	c.377-5606G>T	p.?	intron_variant	hom		18	56357992	56357992	+		COSU619		ENST00000348428.3:c.377-5606G>T	18:g.56357992G>T	G	T	Variant of unknown origin		The University of Hong Kong	Queen Mary Hospital, Hong Kong
TBC1D3	COSG14135	ENST00000519532.1	COSS1240206	PCI-6A	COSO29324862	COSV59128589	COSN13716138	80156256	c.863-38A>C	p.?	intron_variant	het		17	36339766	36339766	-		COSU619		ENST00000519532.1:c.863-38A>C	17:g.36339766T>G	T	G	Variant of unknown origin		The University of Hong Kong	Queen Mary Hospital, Hong Kong
STPG2	COSG51025	ENST00000295268.3	COSS1330947	MOLM-13	COSO27984905	COSV54799440	COSN14131368	26821808	c.1044+26683T>G	p.?	intron_variant	het		4	98838365	98838365	-		COSU619		ENST00000295268.3:c.1044+26683T>G	4:g.98838365A>C	A	C	Variant of unknown origin	ACC 554	German Collection of Microorganisms and Cell Cultures,	 Braunschweig, Germany
STPG2	COSG51025	ENST00000295268.3	COSS907794	LS-411N	COSO28454826	COSV54799440	COSN14131368	26821808	c.1044+26683T>G	p.?	intron_variant	het		4	98838365	98838365	-		COSU619		ENST00000295268.3:c.1044+26683T>G	4:g.98838365A>C	A	C	Variant of unknown origin	CRL-2159	American Type Culture Collection (ATCC)	P.O. Box 1549, Manassas, VA 20108, USA
CACNA2D2	COSG45434	ENST00000479441.1	COSS907171	IPC-298	COSO32666078	COSV56570944	COSN14071636	68591440	c.785-94C>T	p.?	intron_variant	hom		3	50418330	50418330	-		COSU619		ENST00000479441.1:c.785-94C>T	3:g.50418330G>A	G	A	Variant of unknown origin	ACC251	German Collection of Microorganisms and Cell Cultures,	 Braunschweig, Germany
IMMP2L	COSG3910	ENST00000331762.3	COSS907272	KARPAS-45	COSO27984916	COSV59246263	COSN14252298	27702991	c.409-38T>A	p.?	intron_variant	het		7	110303815	110303815	-		COSU619		ENST00000331762.3:c.409-38T>A	7:g.110303815A>T	A	T	Variant of unknown origin	ACC105	German Collection of Microorganisms and Cell Cultures,	 Braunschweig, Germany
PTCD3	COSG8355	ENST00000254630.7	COSS1297439	COR-L95	COSO29915333	COSV54478747	COSM2822941	23892359	c.1630-3C>T	p.?	intron_variant,splice_region_variant	het		2	86361959	86361959	+		COSU619		ENST00000254630.7:c.1630-3C>T	2:g.86361959C>T	C	T	Variant of unknown origin		UNKNOWN	UNKNOWN
SLC6A9	COSG23354	ENST00000537678.1	COSS907171	IPC-298	COSO32666078	COSV62212679	COSN13546685	83880303	c.124+199C>T	p.?	intron_variant	het		1	44475438	44475438	-		COSU619		ENST00000537678.1:c.124+199C>T	1:g.44475438G>A	G	A	Variant of unknown origin	ACC251	German Collection of Microorganisms and Cell Cultures,	 Braunschweig, Germany
DDO	COSG5425	ENST00000368924.3	COSS906853	EGI-1	COSO27814826	COSV64470953	COSN14189590	38847531	c.365+43C>A	p.?	intron_variant	het		6	110729494	110729494	-		COSU619		ENST00000368924.3:c.365+43C>A	6:g.110729494G>T	G	T	Variant of unknown origin	ACC385	German Collection of Microorganisms and Cell Cultures,	 Braunschweig, Germany
CYFIP2	COSG42127	ENST00000347377.6	COSS724873	NCI-H2009	COSO29915674	COSV59054338	COSN14151928	33537987	c.207+43G>T	p.?	intron_variant	het		5	156714160	156714160	+		COSU619		ENST00000347377.6:c.207+43G>T	5:g.156714160G>T	G	T	Variant of unknown origin	CRL-5911	American Type Culture Collection (ATCC)	P.O. Box 1549, Manassas, VA 20108, USA
PPP1CA	COSG44721	ENST00000312989.7	COSS687452	5637	COSO27964862	COSV57236698	COSM2041655	25822270	c.945G>C	p.G315=	synonymous_variant	het		11	67166087	67166087	-		COSU619	ENSP00000326031.7:p.Gly315=	ENST00000312989.7:c.945G>C	11:g.67166087C>G	C	G	Variant of unknown origin	HTB-9	American Type Culture Collection (ATCC)	P.O. Box 1549, Manassas, VA 20108, USA
ERI3	COSG20967	ENST00000372257.2	COSS908128	Mewo	COSO32666078	COSV64830304	COSN13546857	38228855	c.489+14C>T	p.?	intron_variant	het		1	44804703	44804703	-		COSU619		ENST00000372257.2:c.489+14C>T	1:g.44804703G>A	G	A	Variant of unknown origin	JCRB0066	JCRB Cell Bank, National Institutes of Biomedical Innovation, Health and Nutrition	7-6-8 Saito-Asagi, Ibaraki, Osaka 567-0085, Japan
ITIH1	COSG9818	ENST00000540715.1	COSS905958	MOLT-4	COSO27984916	COSV56259472	COSN14074508	87711903	c.*10C>T	p.?	3_prime_UTR_variant	het		3	52825937	52825937	+		COSU619		ENST00000540715.1:c.*10C>T	3:g.52825937C>T	C	T	Variant of unknown origin		Developmental Therapeutics Program	National Cancer Institute,Frederick,MD 21701
YES1	COSG39080	ENST00000577961.1	COSS1240174	MFE-319	COSO29024862	COSV58853068	COSN13775320	96013876	c.387-166C>A	p.?	intron_variant	het		18	748184	748184	-		COSU619		ENST00000577961.1:c.387-166C>A	18:g.748184G>T	G	T	Variant of unknown origin		The University of Hong Kong	Queen Mary Hospital, Hong Kong
EGFLAM	COSG27241	ENST00000336740.6	COSS753573	KYSE-140	COSO31394862	COSV59292601	COSN14168031	31226989	c.445+120C>T	p.?	intron_variant	het		5	38407368	38407368	+		COSU619		ENST00000336740.6:c.445+120C>T	5:g.38407368C>T	C	T	Variant of unknown origin	ACC348	German Collection of Microorganisms and Cell Cultures,	 Braunschweig, Germany
STAB2	COSG3298	ENST00000388887.2	COSS908159	NAMALWA	COSO27984797	COSV66337608	COSM2064268	41391942	c.6387C>T	p.D2129=	synonymous_variant	het		12	104142883	104142883	+		COSU619	ENSP00000373539.2:p.Asp2129=	ENST00000388887.2:c.6387C>T	12:g.104142883C>T	C	T	Variant of unknown origin	CRL-1432 (synonym of MUTZ-1)	American Type Culture Collection (ATCC)	P.O. Box 1549, Manassas, VA 20108, USA
BRD9	COSG6182	ENST00000388890.4	COSS907289	HT-115	COSO28584862	COSV60250963	COSN14183220	41415589	c.259-15C>T	p.?	intron_variant	het		5	887601	887601	-		COSU619		ENST00000388890.4:c.259-15C>T	5:g.887601G>A	G	A	Variant of unknown origin	85061104	European Collection of Cell Cultures	Health Protection Agency,Porton Down,Salisbury,Wiltshire,SP40JG, UK
DST	COSG51710	ENST00000370788.2	COSS688087	SK-N-FI	COSO27774843	COSV55042425	COSN14235649	38921203	c.4651-3572C>A	p.?	intron_variant	het		6	56468591	56468591	-		COSU619		ENST00000370788.2:c.4651-3572C>A	6:g.56468591G>T	G	T	Variant of unknown origin	CRL-2142	American Type Culture Collection (ATCC)	P.O. Box 1549, Manassas, VA 20108, USA
ATP2B3	COSG19284	ENST00000370186.1	COSS910925	A431	COSO32664830	COSV54867345	COSM3235593	35197112	c.3324G>C	p.K1108N	missense_variant	het		X	152835084	152835084	+		COSU619	ENSP00000359205.1:p.Lys1108Asn	ENST00000370186.1:c.3324G>C	X:g.152835084G>C	G	C	Variant of unknown origin	ACC91	German Collection of Microorganisms and Cell Cultures,	 Braunschweig, Germany
SYT5	COSG51435	ENST00000590851.1	COSS949170	LAN-6	COSO27774843	COSV62831734	COSN13836269	99148871	c.699+47C>A	p.?	intron_variant	het		19	55686493	55686493	-		COSU619		ENST00000590851.1:c.699+47C>A	19:g.55686493G>T	G	T	Variant of unknown origin		Childrens Hospital Los Angeles	4650 Sunset Blvd., MS#84,Los Angeles, California 90027 Tel: (323)669-4110, Fax: (323) 668-7923
IL1RAP	COSG16996	ENST00000447382.1	COSS910946	S-117	COSO54345226	COSV50763294	COSM3333285	59818841	c.1503A>G	p.V501=	synonymous_variant	het		3	190366284	190366284	+		COSU619	ENSP00000390541.1:p.Val501=	ENST00000447382.1:c.1503A>G	3:g.190366284A>G	A	G	Variant of unknown origin	ACC266	German Collection of Microorganisms and Cell Cultures,	 Braunschweig, Germany
IL1RAP	COSG16996	ENST00000447382.1	COSS906831	Daudi	COSO27984797	COSV50763294	COSM3333285	59818841	c.1503A>G	p.V501=	synonymous_variant	het		3	190366284	190366284	+		COSU619	ENSP00000390541.1:p.Val501=	ENST00000447382.1:c.1503A>G	3:g.190366284A>G	A	G	Variant of unknown origin	CCL-213	American Type Culture Collection (ATCC)	P.O. Box 1549, Manassas, VA 20108, USA
DGKB	COSG21051	ENST00000258767.5	COSS1298223	LC-1-sq	COSO29914830	COSV51804978	COSN14269347	22545409	c.466+31G>A	p.?	intron_variant	het		7	14758136	14758136	-		COSU619		ENST00000258767.5:c.466+31G>A	7:g.14758136C>T	C	T	Variant of unknown origin		UNKNOWN	UNKNOWN
LRP6	COSG2062	ENST00000543091.1	COSS1240135	H2803	COSO30105680	COSV53792978	COSN13376564	88896572	c.647+2578G>A	p.?	intron_variant	het		12	12353559	12353559	-		COSU619		ENST00000543091.1:c.647+2578G>A	12:g.12353559C>T	C	T	Variant of unknown origin		The University of Hong Kong	Queen Mary Hospital, Hong Kong
LRP6	COSG2062	ENST00000543091.1	COSS905964	RPMI-8226	COSO27985184	COSV53792978	COSN13376564	88896572	c.647+2578G>A	p.?	intron_variant	het		12	12353559	12353559	-		COSU619		ENST00000543091.1:c.647+2578G>A	12:g.12353559C>T	C	T	Variant of unknown origin		Developmental Therapeutics Program	National Cancer Institute,Frederick,MD 21701
MICAL3	COSG41889	ENST00000414725.2	COSS908474	NCI-H1703	COSO29915473	COSV52908067	COSM2891637	49591372	c.2326-743T>G	p.?	intron_variant	het		22	18355532	18355532	-		COSU619		ENST00000414725.2:c.2326-743T>G	22:g.18355532A>C	A	C	Variant of unknown origin	CRL-5889	American Type Culture Collection (ATCC)	P.O. Box 1549, Manassas, VA 20108, USA
EFNA3	COSG12717	ENST00000368408.3	COSS753565	IST-SL2	COSO29915333	COSV63625734	COSN13474182	36733449	c.443-15C>G	p.?	intron_variant	het		1	155058338	155058338	+		COSU619		ENST00000368408.3:c.443-15C>G	1:g.155058338C>G	C	G	Variant of unknown origin	HTL97010	Interlab Cell Line Collection	Istituto Nazionale per la Ricerca sul Cancro c/o CBA,Largo Rosanna Benzi , 10,16132,Genova,Italy
INIP	COSG6722	ENST00000374234.1	COSS906827	CAL-72	COSO28066610	COSV65296003	COSN14366097	40241490	c.38+110C>A	p.?	intron_variant	het		9	115456301	115456301	-		COSU619		ENST00000374234.1:c.38+110C>A	9:g.115456301G>T	G	T	Variant of unknown origin	ACC439	German Collection of Microorganisms and Cell Cultures,	 Braunschweig, Germany
FUT6	COSG6497	ENST00000286955.5	COSS1240205	PCI-38	COSO29324862	COSV54607042	COSM2973178	24704679	c.63G>A	p.L21=	synonymous_variant	het		19	5832516	5832516	-		COSU619	ENSP00000286955.5:p.Leu21=	ENST00000286955.5:c.63G>A	19:g.5832516C>T	C	T	Variant of unknown origin		The University of Hong Kong	Queen Mary Hospital, Hong Kong
TAPBPL	COSG38168	ENST00000544021.1	COSS1331039	SUP-HD1	COSO27985700	COSV56948967	COSM1991525	87609721	c.283C>T	p.H95Y	missense_variant	het		12	6562831	6562831	+		COSU619	ENSP00000445341.1:p.His95Tyr	ENST00000544021.1:c.283C>T	12:g.6562831C>T	C	T	Variant of unknown origin	ACC 574	German Collection of Microorganisms and Cell Cultures,	 Braunschweig, Germany
URM1	COSG38097	ENST00000372847.1	COSS905989	KM12	COSO28584826	COSV65717573	COSN14373707	40378898	c.*66C>T	p.?	3_prime_UTR_variant	het		9	131150205	131150205	+		COSU619		ENST00000372847.1:c.*66C>T	9:g.131150205C>T	C	T	Variant of unknown origin		Developmental Therapeutics Program	National Cancer Institute,Frederick,MD 21701
MAPK9	COSG15831	ENST00000452135.2	COSS909740	SNU-C2B	COSO28454826	COSV58128271	COSN14161124	59116854	c.996+196T>G	p.?	intron_variant	het		5	179667835	179667835	-		COSU619		ENST00000452135.2:c.996+196T>G	5:g.179667835A>C	A	C	Variant of unknown origin	CCL-250	American Type Culture Collection (ATCC)	P.O. Box 1549, Manassas, VA 20108, USA
TRRAP	COSG18556	ENST00000355540.3	COSS1659823	SNU-1040	COSO28864826	COSV62850000	COSM2866799	31670816	c.8947+41T>C	p.?	intron_variant	het		7	98581123	98581123	+		COSU619		ENST00000355540.3:c.8947+41T>C	7:g.98581123T>C	T	C	Variant of unknown origin		Korean Cell Line Bank	Laboratory of Cell Biology, Cancer Research Center and Cancer Research Institute, Seoul National University College of Medicine, Seoul
PPP4R1	COSG27668	ENST00000400555.3	COSS1659823	SNU-1040	COSO28864826	COSV53283295	COSN13776368	47412273	c.1522+115C>T	p.?	intron_variant	het		18	9570040	9570040	-		COSU619		ENST00000400555.3:c.1522+115C>T	18:g.9570040G>A	G	A	Variant of unknown origin		Korean Cell Line Bank	Laboratory of Cell Biology, Cancer Research Center and Cancer Research Institute, Seoul National University College of Medicine, Seoul
FMO3	COSG56403	ENST00000367755.4	COSS1240127	EN	COSO29024862	COSV63007682	COSN13491895	38909547	c.1256+63C>T	p.?	intron_variant	het		1	171085483	171085483	+		COSU619		ENST00000367755.4:c.1256+63C>T	1:g.171085483C>T	C	T	Variant of unknown origin		The University of Hong Kong	Queen Mary Hospital, Hong Kong
MAL	COSG44559	ENST00000349807.3	COSS910692	COLO-668	COSO29915333	COSV59433275	COSN14012474	31938839	c.94-3913G>C	p.?	intron_variant	het		2	95715213	95715213	+		COSU619		ENST00000349807.3:c.94-3913G>C	2:g.95715213G>C	G	C	Variant of unknown origin	87061209	European Collection of Cell Cultures	Health Protection Agency,Porton Down,Salisbury,Wiltshire,SP40JG, UK
SLC24A5	COSG47695	ENST00000449382.2	COSS905959	SK-OV-3	COSO30134826	COSV58317838	COSN13624543	61326328	c.121+28C>A	p.?	intron_variant	het		15	48413390	48413390	+		COSU619		ENST00000449382.2:c.121+28C>A	15:g.48413390C>A	C	A	Variant of unknown origin		Developmental Therapeutics Program	National Cancer Institute,Frederick,MD 21701
SLC12A5	COSG17750	ENST00000608944.1	COSS910935	A3-KAW	COSO27984818	COSV54804033	COSM3294240	101382123	c.272G>A	p.C91Y	missense_variant,splice_region_variant	het		20	44664561	44664561	+		COSU619	ENSP00000476885.1:p.Cys91Tyr	ENST00000608944.1:c.272G>A	20:g.44664561G>A	G	A	Variant of unknown origin	JCRB0101	JCRB Cell Bank, National Institutes of Biomedical Innovation, Health and Nutrition	7-6-8 Saito-Asagi, Ibaraki, Osaka 567-0085, Japan
DMKN	COSG24430	ENST00000392206.2	COSS909252	P30-OHK	COSO27984916	COSV60091873	COSN13799187	45346950	c.178-57C>T	p.?	intron_variant	het		19	35996945	35996945	-		COSU619		ENST00000392206.2:c.178-57C>T	19:g.35996945G>A	G	A	Variant of unknown origin	JCRB0094	JCRB Cell Bank, National Institutes of Biomedical Innovation, Health and Nutrition	7-6-8 Saito-Asagi, Ibaraki, Osaka 567-0085, Japan
SLC35G5	COSG4769	ENST00000382435.4	COSS949177	NB13	COSO27774843	COSV55316367	COSM3163083	41902735	c.907G>T	p.E303*	stop_gained	het		8	11189522	11189522	+		COSU619	ENSP00000371872.4:p.Glu303Ter	ENST00000382435.4:c.907G>T	8:g.11189522G>T	G	T	Variant of unknown origin		St Jude Children's Research Hospital	332 North Lauderdale St., Memphis, TN 38105-2794, Tel: 901 495 3300
COPA	COSG44144	ENST00000241704.7	COSS753596	MZ7-mel	COSO32666078	COSV54112260	COSN13482511	23573630	c.707-15C>T	p.?	intron_variant	het		1	160283930	160283930	-		COSU619		ENST00000241704.7:c.707-15C>T	1:g.160283930G>A	G	A	Variant of unknown origin		University of Mainz	Dept. Haematology/Oncology,Naunynweg, Gebaude 302, 55131 Mainz,
CCDC13	COSG5250	ENST00000310232.6	COSS1327766	JJN-3	COSO27985184	COSV59606706	COSN14064676	27227847	c.987+173T>C	p.?	intron_variant	het		3	42784215	42784215	-		COSU619		ENST00000310232.6:c.987+173T>C	3:g.42784215A>G	A	G	Variant of unknown origin	ACC 541	German Collection of Microorganisms and Cell Cultures,	 Braunschweig, Germany
TLR4	COSG40435	ENST00000355622.6	COSS905971	HCC2998	COSO28584826	COSV62924639	COSM3322246	31816529	c.2375A>G	p.N792S	missense_variant	het		9	120476781	120476781	+		COSU619	ENSP00000363089.5:p.Asn792Ser	ENST00000355622.6:c.2375A>G	9:g.120476781A>G	A	G	Variant of unknown origin		Developmental Therapeutics Program	National Cancer Institute,Frederick,MD 21701
PDLIM4	COSG28755	ENST00000379018.3	COSS753596	MZ7-mel	COSO32666078	COSV53805887	COSN14138783	44062610	c.506+47C>T	p.?	intron_variant	het		5	131606833	131606833	+		COSU619		ENST00000379018.3:c.506+47C>T	5:g.131606833C>T	C	T	Variant of unknown origin		University of Mainz	Dept. Haematology/Oncology,Naunynweg, Gebaude 302, 55131 Mainz,
RYR3	COSG16539	ENST00000389232.4	COSS925347	PANC-08-13	COSO29005278	COSV66813012	COSN13614727	42410375	c.354+26A>G	p.?	intron_variant	het		15	33822893	33822893	+		COSU619		ENST00000389232.4:c.354+26A>G	15:g.33822893A>G	A	G	Variant of unknown origin	CRL-2551	American Type Culture Collection (ATCC)	P.O. Box 1549, Manassas, VA 20108, USA
RABL6	COSG52545	ENST00000371675.3	COSS1333003	MCC13	COSO32666047	COSV61037427	COSM4372376	39209440	c.465-155G>A	p.?	intron_variant	het		9	139731643	139731643	+		COSU619		ENST00000371675.3:c.465-155G>A	9:g.139731643G>A	G	A	Variant of unknown origin		UNKNOWN	UNKNOWN
ACSM2B	COSG18951	ENST00000567001.1	COSS906831	Daudi	COSO27984797	COSV61658272	COSM4256925	94486588	c.383G>A	p.R128Q	missense_variant	het		16	20570564	20570564	-		COSU619	ENSP00000456378.1:p.Arg128Gln	ENST00000567001.1:c.383G>A	16:g.20570564C>T	C	T	Variant of unknown origin	CCL-213	American Type Culture Collection (ATCC)	P.O. Box 1549, Manassas, VA 20108, USA
MATN4	COSG19760	ENST00000360607.6	COSS910951	CML-T1	COSO27985064	COSV61352191	COSM4292450	37159593	c.1289G>A	p.R430H	missense_variant	het		20	43926824	43926824	-		COSU619	ENSP00000353819.5:p.Arg430His	ENST00000360607.6:c.1289G>A	20:g.43926824C>T	C	T	Variant of unknown origin	ACC7	German Collection of Microorganisms and Cell Cultures,	 Braunschweig, Germany
MATN4	COSG19760	ENST00000360607.6	COSS905937	HCT-15	COSO28584862	COSV61352191	COSM4292450	37159593	c.1289G>A	p.R430H	missense_variant	het		20	43926824	43926824	-		COSU619	ENSP00000353819.5:p.Arg430His	ENST00000360607.6:c.1289G>A	20:g.43926824C>T	C	T	Variant of unknown origin		Developmental Therapeutics Program	National Cancer Institute,Frederick,MD 21701
DOCK7	COSG26524	ENST00000251157.5	COSS1299081	WM793B	COSO32666078	COSV51995028	COSN13555521	21549561	c.3611+120C>G	p.?	intron_variant	het		1	63001044	63001044	-		COSU619		ENST00000251157.5:c.3611+120C>G	1:g.63001044G>C	G	C	Variant of unknown origin		UNKNOWN	UNKNOWN
ZNF256	COSG53588	ENST00000598928.1	COSS1674021	SNU-C5	COSO28864826	COSV56599980	COSM2973487	101335056	c.*975C>A	p.?	3_prime_UTR_variant	het		19	58452903	58452903	-		COSU619		ENST00000598928.1:c.*975C>A	19:g.58452903G>T	G	T	Variant of unknown origin	0000C5	Korean Cell Line Bank	Laboratory of Cell Biology, Cancer Research Center and Cancer Research Institute, Seoul National University College of Medicine, Seoul
PAK1	COSG42635	ENST00000356341.3	COSS1298234	MCC26	COSO32666047	COSV53701930	COSN17156789	34589408	c.-21-168G>C	p.?	intron_variant	hom		11	77103754	77103754	-		COSU619		ENST00000356341.3:c.-21-168G>C	11:g.77103754C>G	C	G	Variant of unknown origin		UNKNOWN	UNKNOWN
TMIGD1	COSG12866	ENST00000328886.4	COSS907170	IMR-5	COSO27774843	COSV61027939	COSN13710438	29226020	c.745-89C>T	p.?	intron_variant	het		17	28644340	28644340	-		COSU619		ENST00000328886.4:c.745-89C>T	17:g.28644340G>A	G	A	Variant of unknown origin	HTL00009	Interlab Cell Line Collection	Istituto Nazionale per la Ricerca sul Cancro c/o CBA,Largo Rosanna Benzi , 10,16132,Genova,Italy
EEF1D	COSG55215	ENST00000532741.1	COSS1659823	SNU-1040	COSO28864826	COSV52787374	COSM2868411	83803308	c.1625C>T	p.A542V	missense_variant	het		8	144663237	144663237	-		COSU619	ENSP00000434070.1:p.Ala542Val	ENST00000532741.1:c.1625C>T	8:g.144663237G>A	G	A	Variant of unknown origin		Korean Cell Line Bank	Laboratory of Cell Biology, Cancer Research Center and Cancer Research Institute, Seoul National University College of Medicine, Seoul
KDM1B	COSG39184	ENST00000388870.2	COSS713880	SBC-5	COSO29915333	COSV52809313	COSN14210704	41370138	c.970-46T>C	p.?	intron_variant	het		6	18197242	18197242	+		COSU619		ENST00000388870.2:c.970-46T>C	6:g.18197242T>C	T	C	Variant of unknown origin	JCRB0819	JCRB Cell Bank, National Institutes of Biomedical Innovation, Health and Nutrition	7-6-8 Saito-Asagi, Ibaraki, Osaka 567-0085, Japan
KDM1B	COSG39184	ENST00000388870.2	COSS753535	BHY	COSO29324830	COSV52809313	COSN14210704	41370138	c.970-46T>C	p.?	intron_variant	het		6	18197242	18197242	+		COSU619		ENST00000388870.2:c.970-46T>C	6:g.18197242T>C	T	C	Variant of unknown origin	ACC404	German Collection of Microorganisms and Cell Cultures,	 Braunschweig, Germany
AURKC	COSG6509	ENST00000599062.1	COSS924241	NCI-H250	COSO29915333	COSV57141332	COSN13839008	101423979	c.59-50C>T	p.?	intron_variant	het		19	57743069	57743069	+		COSU619		ENST00000599062.1:c.59-50C>T	19:g.57743069C>T	C	T	Variant of unknown origin	CRL-5828	American Type Culture Collection (ATCC)	P.O. Box 1549, Manassas, VA 20108, USA
TJP2	COSG19139	ENST00000535702.1	COSS908128	Mewo	COSO32666078	COSV55263089	COSM2778833	85879446	c.3308+4A>G	p.?	intron_variant,splice_region_variant	hom		9	71867820	71867820	+		COSU619		ENST00000535702.1:c.3308+4A>G	9:g.71867820A>G	A	G	Variant of unknown origin	JCRB0066	JCRB Cell Bank, National Institutes of Biomedical Innovation, Health and Nutrition	7-6-8 Saito-Asagi, Ibaraki, Osaka 567-0085, Japan
RIMS1	COSG7586	ENST00000520567.1	COSS907298	G-402	COSO29655571	COSV53494109	COSN14238834	81060632	c.3316+24853C>T	p.?	intron_variant	het		6	73026602	73026602	+		COSU619		ENST00000520567.1:c.3316+24853C>T	6:g.73026602C>T	C	T	Variant of unknown origin	CRL-1440	American Type Culture Collection (ATCC)	P.O. Box 1549, Manassas, VA 20108, USA
